"","year","tmax","tmin","af","rain","sun","location"
"1",1853,NA,NA,NA,NA,NA,"T01"
"2",1854,7.4,0.75,12.5,24.6,NA,"T01"
"3",1855,5.525,-0.675,15.25,31.825,NA,"T01"
"4",1856,7.15,1.375,10.5,40.025,NA,"T01"
"5",1857,7.275,0.75,12.5,45.025,NA,"T01"
"6",1858,7.525,1.075,13.25,24.875,NA,"T01"
"7",1859,8.825,2.9,5,39.15,NA,"T01"
"8",1860,6.35,-1.11022302462516e-16,13.5,52.6,NA,"T01"
"9",1861,6.55,NA,NA,43.625,NA,"T01"
"10",1862,7.575,2.75,7,62.575,NA,"T01"
"11",1863,9.2,2.725,4.5,38.125,NA,"T01"
"12",1864,7.25,1.125,10.75,38.075,NA,"T01"
"13",1865,5.325,0.1,13.25,41.35,NA,"T01"
"14",1866,8.325,2.475,7.25,59.7,NA,"T01"
"15",1867,7.475,1.775,10.5,57.525,NA,"T01"
"16",1868,8.25,2,10,50.975,NA,"T01"
"17",1869,9.05,3.6,4.5,72.475,NA,"T01"
"18",1870,6.225,1.15,11.25,52.25,NA,"T01"
"19",1871,6.7,0.875,11.75,32.125,NA,"T01"
"20",1872,8.8,2.95,6.25,54.7,NA,"T01"
"21",1873,7.4,2.2,7.75,63.55,NA,"T01"
"22",1874,8.5,2.3,9,32.525,NA,"T01"
"23",1875,6.475,1.15,13.25,50.75,NA,"T01"
"24",1876,7.1,1.975,9,56.65,NA,"T01"
"25",1877,9.125,3.575,4.75,84.775,NA,"T01"
"26",1878,8.4,2.825,7,35.65,NA,"T01"
"27",1879,4.825,-0.65,16.5,55.5,NA,"T01"
"28",1880,6.85,-0.2,14.5,31.5,NA,"T01"
"29",1881,6.925,0.8,11.5,53.875,NA,"T01"
"30",1882,9.15,3.1,4.75,42.725,NA,"T01"
"31",1883,8.125,2.15,8.5,64.3,NA,"T01"
"32",1884,9.15,3.475,3.25,34.65,NA,"T01"
"33",1885,7.875,2.2,8,50.95,NA,"T01"
"34",1886,5.525,0.3,15.75,46.025,NA,"T01"
"35",1887,6.25,-0.1,14.5,61.75,NA,"T01"
"36",1888,5.575,0.3,17.25,51.1,NA,"T01"
"37",1889,6.875,0.85,13.5,42.75,NA,"T01"
"38",1890,7.675,1.575,9,30.425,NA,"T01"
"39",1891,5.325,-1.3,17.75,22.65,NA,"T01"
"40",1892,6.35,0.325,14.75,31.55,NA,"T01"
"41",1893,7.7,0.825,12.25,36.8,NA,"T01"
"42",1894,8.575,1.725,6.5,45.9,NA,"T01"
"43",1895,5.6,-0.575,15.5,40.625,NA,"T01"
"44",1896,8.35,2.5,5.75,38.1,NA,"T01"
"45",1897,7.5,2.425,7.75,63.9,NA,"T01"
"46",1898,8.3,2.175,9.25,32.2,NA,"T01"
"47",1899,9.675,2.625,8.75,49.775,NA,"T01"
"48",1900,6.35,0.875,10.25,52.9,NA,"T01"
"49",1901,7.175,1.825,9.5,44.425,NA,"T01"
"50",1902,7.475,1.7,11,39.575,NA,"T01"
"51",1903,8.875,3.425,4,49.05,NA,"T01"
"52",1904,6.8,1.525,8.75,52,NA,"T01"
"53",1905,8.05,2.275,7.5,38.175,NA,"T01"
"54",1906,7.825,2.025,7.25,46.75,NA,"T01"
"55",1907,7.725,0.95,11,28.425,NA,"T01"
"56",1908,7.55,1.7,7.75,57.5,NA,"T01"
"57",1909,6.575,0.825,10.75,36.275,NA,"T01"
"58",1910,8.3,2.05,8,52.25,NA,"T01"
"59",1911,7.9,2.775,4.5,55.825,NA,"T01"
"60",1912,8.875,3.75,4,93.975,NA,"T01"
"61",1913,8.975,3.3,4.75,63.975,NA,"T01"
"62",1914,8.5,2.775,7.75,45.375,NA,"T01"
"63",1915,7.925,2.125,7.5,88.45,NA,"T01"
"64",1916,8.075,2.7,6.25,98.575,NA,"T01"
"65",1917,4.625,-0.475,16.75,46.575,NA,"T01"
"66",1918,7.8,1.65,10.75,35.45,NA,"T01"
"67",1919,6.725,1.4,10,74.65,NA,"T01"
"68",1920,9.775,3.125,4.5,56.125,NA,"T01"
"69",1921,9.275,3.225,4.75,39.85,NA,"T01"
"70",1922,8.325,2.025,9.25,52.25,NA,"T01"
"71",1923,8.85,3.35,2,66.275,NA,"T01"
"72",1924,7.75,1.05,13,42.7,NA,"T01"
"73",1925,8.85,2.65,5.5,62.325,NA,"T01"
"74",1926,8.575,2.475,6.75,55.85,NA,"T01"
"75",1927,8.3,2.2,7.5,57.55,NA,"T01"
"76",1928,8.475,2.025,7,67.05,NA,"T01"
"77",1929,6.625,-0.95,16.5,25.275,NA,"T01"
"78",1930,8.35,2.225,7.25,62.35,70.225,"T01"
"79",1931,7.525,1.075,11.25,40.1,75.325,"T01"
"80",1932,8.15,1.575,10.75,31.25,70.2,"T01"
"81",1933,8.575,1.875,10.25,52.85,102.35,"T01"
"82",1934,7.025,0.175,12.5,27.125,86,"T01"
"83",1935,9.55,3.525,3.75,54.875,65.725,"T01"
"84",1936,7.5,1.6,10.75,61.3,63.225,"T01"
"85",1937,8.525,2.25,7,83.325,69.875,"T01"
"86",1938,9.625,2.6,6.25,36.5,80.4,"T01"
"87",1939,8.425,2.35,6.25,63.275,72.475,"T01"
"88",1940,5.975,-0.325,14.25,57.65,70.05,"T01"
"89",1941,6.575,0.575,12.25,56.4,68.7,"T01"
"90",1942,6,0,15,48.6,53.825,"T01"
"91",1943,9.725,3.125,5,56.425,79.475,"T01"
"92",1944,8.05,1.45,9.5,23,73.95,"T01"
"93",1945,8.3,1.85,9,39.4,83.475,"T01"
"94",1946,8.25,1.975,8,51.15,70.6,"T01"
"95",1947,4.65,-0.95,17,66.1,57.85,"T01"
"96",1948,9.775,2.925,6.25,53.325,84.175,"T01"
"97",1949,9.25,2.45,6.75,40.275,86,"T01"
"98",1950,9.425,2.8,6,43.75,78.075,"T01"
"99",1951,6.425,1.075,10.25,72.25,63.85,"T01"
"100",1952,8.1,1.875,8.75,40.15,91.4,"T01"
"101",1953,7.375,0.4,14.25,33.65,84.2,"T01"
"102",1954,7.925,2.1,7.5,43.775,72.925,"T01"
"103",1955,6.75,0.8,13.25,46.725,85.575,"T01"
"104",1956,7.35,0.475,12,51.825,81.55,"T01"
"105",1957,9.875,3.9,5.25,59.125,65.575,"T01"
"106",1958,7.7,1.45,10.75,63.65,70.75,"T01"
"107",1959,7.7,1.875,9,66.6,70.7,"T01"
"108",1960,8.25,2.7,5.25,70.45,60.775,"T01"
"109",1961,9.275,3.15,2.5,62.875,84.1,"T01"
"110",1962,6.9,0.55,12,58.8,85.85,"T01"
"111",1963,3.875,-1.85,18.75,41.15,70.925,"T01"
"112",1964,6.275,1.425,9.75,36.6,52.55,"T01"
"113",1965,7.225,1.05,12.5,37.425,75.9,"T01"
"114",1966,8.2,2.75,6,52.775,69.35,"T01"
"115",1967,9.075,3.175,4,52.725,92.175,"T01"
"116",1968,7.475,1.875,10.25,41.875,80.775,"T01"
"117",1969,6.3,1.225,10.25,56.675,56.125,"T01"
"118",1970,6.7,1.075,10.5,58.625,76.7,"T01"
"119",1971,7.625,2,9,51.05,65.35,"T01"
"120",1972,8.475,2.975,3.5,49.625,60.725,"T01"
"121",1973,8.55,2.25,6.75,31.05,77.8,"T01"
"122",1974,8.9,2.85,5.25,52.575,69.8,"T01"
"123",1975,9.025,3.7,2.75,56.925,58.5,"T01"
"124",1976,8.125,2.275,9.25,18.85,63.775,"T01"
"125",1977,7.35,1.975,8,87.975,63.9,"T01"
"126",1978,7.85,2.075,7.75,58.475,71.45,"T01"
"127",1979,5.625,0.075,13.75,83.2,66.625,"T01"
"128",1980,8.05,2.25,7.5,68.5,72.3,"T01"
"129",1981,8.275,2.975,7.5,55.675,62.1,"T01"
"130",1982,6.825,0.875,9.5,64.85,72.75,"T01"
"131",1983,8.15,2.3,8,43.6,69.7,"T01"
"132",1984,7.7,2.025,5.75,54.25,65.95,"T01"
"133",1985,6.65,0.35,13.75,40.075,74.775,"T01"
"134",1986,6.575,1.05,10.5,60.175,79.775,"T01"
"135",1987,6.875,1.225,11.75,40.5,78.25,"T01"
"136",1988,8.6,3.275,5,54.725,69.875,"T01"
"137",1989,10.275,4.15,2.5,37.225,80.7,"T01"
"138",1990,10.55,4.525,1.75,82.275,81.15,"T01"
"139",1991,7.375,1.6,9.5,45.95,68.225,"T01"
"140",1992,8.2,2.5,8,29,61.45,"T01"
"141",1993,8.525,2.775,5.75,43.225,68.725,"T01"
"142",1994,8.9,3.325,3.5,71.125,86.8,"T01"
"143",1995,9.75,3.125,4.75,76.55,100.9,"T01"
"144",1996,6.45,1.25,12,55.8,62.5,"T01"
"145",1997,8.575,2.6,8,27.95,80.325,"T01"
"146",1998,10.15,4,5,46.2,77.55,"T01"
"147",1999,9.65,3.575,4.5,56.575,66.975,"T01"
"148",2000,9.575,2.925,5.75,49.95,90.125,"T01"
"149",2001,8.2,2.625,8.75,75.225,73.575,"T01"
"150",2002,9.875,3.15,7,47.7,76.3,"T01"
"151",2003,9.55,2.3,9.5,55.5,94.55,"T01"
"152",2004,9.275,2.7,8,53.525,74.225,"T01"
"153",2005,9.125,3.35,6,30.1,67.325,"T01"
"154",2006,7.675,1.7,10.25,39.775,69.8,"T01"
"155",2007,10.375,4.125,4.75,64.975,88.875,"T01"
"156",2008,9.925,3.075,6,62.35,89.725,"T01"
"157",2009,8.375,1.675,10,39.95,92.175,"T01"
"158",2010,7.475,1.075,11,68.425,79.8,"T01"
"159",2011,8.125,1.825,10.75,37.525,62.7,"T01"
"160",2012,10.1,2.875,6,37.85,96.075,"T01"
"161",2013,6.875,1.4,11,71.45,60.625,"T01"
"162",2014,10.45,3.7,1.25,93.475,93.575,"T01"
"163",2015,9,2.075,7.5,42.35,95.4,"T01"
"164",2016,10.525,4.05,3.75,67.15,83.525,"T01"
"165",2017,10.025,3.4,6.75,43.625,75.225,"T01"
"166",2018,8.175,2.1,8.5,61.2,79.95,"T01"
"167",2019,10.475,3.275,6.75,43.525,89.975,"T01"
"168",2020,10.225,3.675,3.75,68.15,97.925,"T01"
"169",2021,8.775,2.725,7.25,74.675,70.5,"T01"
"170",2022,10.6,3.675,4,46.25,88.55,"T01"
"171",1959,NA,NA,NA,NA,NA,"T02"
"172",1960,4.425,-2.15,17.25,NA,41.75,"T02"
"173",1961,5.825,-0.75,14.5,NA,49.8,"T02"
"174",1962,3.85,-2.95,19.75,89.075,45.725,"T02"
"175",1963,2.75,-5.2,23.5,87.625,52.75,"T02"
"176",1964,4.75,-1,15,37.4,38.6,"T02"
"177",1965,4.4,-2.725,20,55.35,46.525,"T02"
"178",1966,3.9,-2.05,16.25,58.85,46.225,"T02"
"179",1967,5.1,-0.125,13,104,48.7,"T02"
"180",1968,4.575,-2.3,19.25,55.95,52.475,"T02"
"181",1969,3.5,-3.025,19.75,78.775,45.25,"T02"
"182",1970,3.6,-2.8,20.75,63.525,57.95,"T02"
"183",1971,5.575,-0.9,16.5,55.175,47.475,"T02"
"184",1972,5.45,-0.375,17.25,94.775,45.775,"T02"
"185",1973,5.825,-1.625,16.25,51.325,65.425,"T02"
"186",1974,5.675,-0.475,13,127.675,40.1,"T02"
"187",1975,6.25,-0.725,16,90.05,59.775,"T02"
"188",1976,5.725,-0.075,16.75,56.45,43.25,"T02"
"189",1977,3.55,-2.35,19,81.25,44.75,"T02"
"190",1978,4.25,-3.15,18.75,83.975,44.925,"T02"
"191",1979,2.525,-3.75,21.25,97.275,53.625,"T02"
"192",1980,4.3,-1.8,19,103.7,36.75,"T02"
"193",1981,5.325,-0.725,18.5,70,52.4,"T02"
"194",1982,3.775,-3.5,18.75,91.05,NA,"T02"
"195",1983,4.625,-1.25,17,105.95,38.7,"T02"
"196",1984,4.125,-1.55,18,138.575,33.875,"T02"
"197",1985,3.95,-2.6,19,68.125,46.775,"T02"
"198",1986,3.2,-2.925,19.5,94.7,53.225,"T02"
"199",1987,3.55,-2.6,22.25,70.225,56.325,"T02"
"200",1988,4.75,-0.675,17,87.4,42.05,"T02"
"201",1989,7.1,1.275,9.25,90.15,59.525,"T02"
"202",1990,5.8,0.075,13,126.625,60.8,"T02"
"203",1991,4.9,-1.6,20,76.375,45,"T02"
"204",1992,6.375,-0.325,15.75,71.55,50.5,"T02"
"205",1993,5.725,-0.2,14.75,82.475,51.075,"T02"
"206",1994,3.7,-1.45,20.25,117.65,43.95,"T02"
"207",1995,4.825,-1.3,18.75,98.15,61.025,"T02"
"208",1996,3.275,-2.05,19.75,73.45,46.875,"T02"
"209",1997,5.65,-0.775,16.75,67.575,60.25,"T02"
"210",1998,6.975,1.225,10.5,69.425,44.625,"T02"
"211",1999,5.625,-0.325,14.25,75.85,53.45,"T02"
"212",2000,6.15,-0.275,15.5,109.675,55.35,"T02"
"213",2001,4.125,-1.7,18,83.825,51.55,"T02"
"214",2002,5.825,-0.5,15,93.775,50.025,"T02"
"215",2003,6.375,-0.775,15.25,59.15,64.925,"T02"
"216",2004,6.1,-1.025,17,76.15,56.75,"T02"
"217",2005,6.6,0.25,14,81.625,42.85,"T02"
"218",2006,4.825,-1.275,16.25,70.875,NA,"T02"
"219",2007,6.825,0.275,13.5,95.45,NA,"T02"
"220",2008,6,-1.45,16.75,107.05,NA,"T02"
"221",2009,5.55,-1.575,17.75,69.7,NA,"T02"
"222",2010,3.4,-5.05,22.75,36,NA,"T02"
"223",2011,4.475,-2.85,20.5,65.25,NA,"T02"
"224",2012,7.325,-0.225,15.25,58.85,NA,"T02"
"225",2013,3.825,-2.55,21,73.25,NA,"T02"
"226",2014,6.25,0.95,10.5,141.9,NA,"T02"
"227",2015,5.4,-1.1,17.25,82.3,NA,"T02"
"228",2016,6.25,-0.8,16.5,168.7,NA,"T02"
"229",2017,7.375,-0.05,16,63.95,NA,"T02"
"230",2018,4.1,-2.025,21.75,54.1,NA,"T02"
"231",2019,6.7,-0.7,14.5,69.9,NA,"T02"
"232",2020,6.325,4.16333634234434e-17,13.25,90.7,NA,"T02"
"233",2021,5.125,-1.425,15.75,85.275,NA,"T02"
"234",2022,6.65,-0.625,16.5,66.7,NA,"T02"
"235",1853,NA,NA,NA,NA,NA,"T03"
"236",1854,NA,NA,NA,49.5,NA,"T03"
"237",1855,NA,NA,NA,51.85,NA,"T03"
"238",1856,NA,NA,NA,43.225,NA,"T03"
"239",1857,NA,NA,NA,78.525,NA,"T03"
"240",1858,NA,NA,NA,34.975,NA,"T03"
"241",1859,NA,NA,NA,66.65,NA,"T03"
"242",1860,NA,NA,NA,58.35,NA,"T03"
"243",1861,NA,NA,NA,83.75,NA,"T03"
"244",1862,NA,NA,NA,68.875,NA,"T03"
"245",1863,NA,NA,NA,54.975,NA,"T03"
"246",1864,NA,NA,NA,48.125,NA,"T03"
"247",1865,NA,NA,NA,75.275,NA,"T03"
"248",1866,8.475,2.5,6,82.95,NA,"T03"
"249",1867,7.625,1.45,8.5,NA,NA,"T03"
"250",1868,9.05,2.975,5,104.675,NA,"T03"
"251",1869,9.125,3.4,3.5,125.9,NA,"T03"
"252",1870,7.5,0.775,10.5,89.925,NA,"T03"
"253",1871,7.9,1.6,8.75,84.275,NA,"T03"
"254",1872,9,2.6,5.25,92.275,NA,"T03"
"255",1873,7.65,1.4,9.25,94.475,NA,"T03"
"256",1874,9.8,3.3,3.25,56.725,NA,"T03"
"257",1875,7.825,1.575,8.25,62.675,NA,"T03"
"258",1876,8.1,1.075,10.75,68.775,NA,"T03"
"259",1877,9.2,2.4,5.75,115.45,NA,"T03"
"260",1878,9.175,2.65,5.5,65.075,NA,"T03"
"261",1879,5.7,-1.125,16.75,46.975,NA,"T03"
"262",1880,8.3,1.525,7.5,50.025,NA,"T03"
"263",1881,5.85,0.675,12.75,56.65,NA,"T03"
"264",1882,8.6,3.5,2.5,61.45,NA,"T03"
"265",1883,6.65,1.35,7.75,80.325,NA,"T03"
"266",1884,8.05,3.075,2.75,85.5,NA,"T03"
"267",1885,7.525,1.25,8.75,65.45,NA,"T03"
"268",1886,6.25,0.75,14,63.975,NA,"T03"
"269",1887,6.95,1.15,10.5,55.05,NA,"T03"
"270",1888,6.625,0.55,13.5,46.85,NA,"T03"
"271",1889,8.025,1.8,8.75,49.275,NA,"T03"
"272",1890,8.475,2.375,5.75,55.45,NA,"T03"
"273",1891,7.375,0.675,10.75,30.3,NA,"T03"
"274",1892,6.825,0.475,12.75,51.9,NA,"T03"
"275",1893,7.675,1.675,8,44.075,NA,"T03"
"276",1894,8.5,1.9,6,81.25,NA,"T03"
"277",1895,5.75,-0.325,13.75,54.35,NA,"T03"
"278",1896,8.225,2.75,3.25,60.2,NA,"T03"
"279",1897,7.55,1.375,8.5,68.75,NA,"T03"
"280",1898,8.6,2.275,7.25,63.225,NA,"T03"
"281",1899,8.825,2.275,7.5,61.05,NA,"T03"
"282",1900,6.6,0.8,9.5,60.075,NA,"T03"
"283",1901,7.55,1.95,5.75,66.975,NA,"T03"
"284",1902,7.025,1.575,9.5,60.9,NA,"T03"
"285",1903,8.425,2.675,4.25,92.8,NA,"T03"
"286",1904,6.8,1.525,6.5,68.5,NA,"T03"
"287",1905,8.25,2.4,3.75,60.825,NA,"T03"
"288",1906,8.05,2.25,7.5,59.5,NA,"T03"
"289",1907,7.775,2.025,7.5,52.55,NA,"T03"
"290",1908,7.825,2,6.75,69.3,NA,"T03"
"291",1909,7.6,2.05,6.75,57.95,NA,"T03"
"292",1910,7.55,1.525,8,74.125,NA,"T03"
"293",1911,8.125,2.125,5.25,54.975,NA,"T03"
"294",1912,8.2,2.475,5,96.1,NA,"T03"
"295",1913,8.35,2.375,4,77.275,NA,"T03"
"296",1914,8.375,2.425,5,71.35,NA,"T03"
"297",1915,7,0.775,10,91.625,NA,"T03"
"298",1916,7.575,1.775,9,81.875,NA,"T03"
"299",1917,6.075,0.575,12.5,59.325,NA,"T03"
"300",1918,8.125,2.35,8.5,62.5,NA,"T03"
"301",1919,7.15,1.275,10,70.075,NA,"T03"
"302",1920,8.875,2.625,4,101.825,NA,"T03"
"303",1921,8.825,2.95,6,69.4,NA,"T03"
"304",1922,8.525,2.625,4.5,68.6,NA,"T03"
"305",1923,8.925,3.375,1.75,80.35,NA,"T03"
"306",1924,7.725,2.025,6.75,54.9,NA,"T03"
"307",1925,8.55,2.7,3.5,70.575,NA,"T03"
"308",1926,8.275,2.525,6.75,70.925,NA,"T03"
"309",1927,8.425,2.45,6,53.7,NA,"T03"
"310",1928,7.875,2.275,4.75,89.35,NA,"T03"
"311",1929,7.85,1.275,10,46.875,NA,"T03"
"312",1930,7.15,0.975,10,84.375,63.925,"T03"
"313",1931,7.4,1.55,7.5,60.6,64.725,"T03"
"314",1932,8.975,2.8,6.5,48.45,61.55,"T03"
"315",1933,8.225,2.125,7.25,76.825,75.225,"T03"
"316",1934,8,2.05,6.75,42.45,65.125,"T03"
"317",1935,9.2,3.775,3.25,69.125,57.8,"T03"
"318",1936,6.85,1.425,10,58.9,57.55,"T03"
"319",1937,7.775,1.75,7.25,85.625,65.1,"T03"
"320",1938,8.8,2.95,4.75,52.85,51.875,"T03"
"321",1939,8.125,2.075,6.5,72.7,60.4,"T03"
"322",1940,7.025,1.275,9.5,77.125,54.875,"T03"
"323",1941,6.775,0.9,10,74.475,67.9,"T03"
"324",1942,7.825,1.95,8,67.05,58.675,"T03"
"325",1943,9.65,3.825,1.75,68.375,71.175,"T03"
"326",1944,8.875,2.425,5,38.825,62.975,"T03"
"327",1945,8.65,2.575,6,64.275,54.625,"T03"
"328",1946,8.9,2.725,4.75,63.325,NA,"T03"
"329",1947,5.475,-0.1,13,73.725,NA,"T03"
"330",1948,8.7,2.75,5,90.95,59.975,"T03"
"331",1949,9.425,2.9,4.25,73.375,74.35,"T03"
"332",1950,9.225,2.825,4.25,65.125,65.1,"T03"
"333",1951,6.275,0.4,11.25,70.625,64.8,"T03"
"334",1952,7.9,1.625,11.25,70.4,64.225,"T03"
"335",1953,8.35,1.675,10,36.575,NA,"T03"
"336",1954,8.275,2.725,6.25,46.15,53.225,"T03"
"337",1955,7.2,0.775,11.75,37.6,72.05,"T03"
"338",1956,7.875,1.7,9.5,61.7,66,"T03"
"339",1957,9.525,3.575,5,91.55,57.325,"T03"
"340",1958,7.725,1.8,8.25,82.525,66.7,"T03"
"341",1959,8.325,1.8,8,68.175,73.675,"T03"
"342",1960,8.225,1.9,8.5,81.275,63.8,"T03"
"343",1961,9,2.575,5.75,68.675,68.175,"T03"
"344",1962,7.45,0.525,11.75,57.875,69.175,"T03"
"345",1963,6.175,-0.2,16.75,70.45,71.775,"T03"
"346",1964,7.625,2.125,7.25,41.275,53.075,"T03"
"347",1965,7.275,0.85,10,67.975,66.5,"T03"
"348",1966,8.3,2.7,4.25,85.875,61.95,"T03"
"349",1967,8.675,2.6,4,74.35,72.45,"T03"
"350",1968,7.775,1.325,10.75,61.575,67,"T03"
"351",1969,6.325,0.5,12.75,68.025,52.7,"T03"
"352",1970,6.925,0.825,12.25,78.05,60.875,"T03"
"353",1971,8.2,2.2,6.5,40.975,58.975,"T03"
"354",1972,8.25,1.875,8,65.9,61.175,"T03"
"355",1973,8.45,2.25,8.5,63.575,57.925,"T03"
"356",1974,8.4,2.5,5,69.225,57.625,"T03"
"357",1975,8.725,2.825,5.5,65.45,69.05,"T03"
"358",1976,7.975,2.725,6.25,48.25,42.625,"T03"
"359",1977,6.35,1.15,10.5,88.125,47.9,"T03"
"360",1978,7.325,1.95,8,69.85,61.75,"T03"
"361",1979,5.625,0.0250000000000001,15.5,79.825,65.125,"T03"
"362",1980,7.025,1.175,11.75,85.275,58.925,"T03"
"363",1981,8.45,2.6,5,76.525,49.225,"T03"
"364",1982,7.125,0.975,11,79.1,63.95,"T03"
"365",1983,7.725,1.975,8,76.2,51,"T03"
"366",1984,7.375,1.725,8.5,99.85,45.475,"T03"
"367",1985,6.525,0.65,13.5,52.375,58.9,"T03"
"368",1986,7,0.95,11.25,60.2,67.6,"T03"
"369",1987,7.6,0.925,11,61.175,54,"T03"
"370",1988,8.2,2.225,6,87.225,57.725,"T03"
"371",1989,9.8,3.65,2,60.75,73.425,"T03"
"372",1990,8.85,3.05,4.25,84.025,58.2,"T03"
"373",1991,7.625,1.375,10.25,70.1,62.775,"T03"
"374",1992,8.875,3.225,4,71.525,46.35,"T03"
"375",1993,8.525,2.8,5.5,52.5,45.75,"T03"
"376",1994,7.75,2.025,6.75,106.8,60.525,"T03"
"377",1995,8.525,2.375,5.75,90.55,60.65,"T03"
"378",1996,7.125,1.95,8.75,57.825,53.15,"T03"
"379",1997,8.575,2.725,7.25,47.725,56.725,"T03"
"380",1998,9.7,4.2,3,66,53.1,"T03"
"381",1999,9.05,3.125,4.25,71.75,67.6,"T03"
"382",2000,8.95,2.9,4.25,72.525,60.7,"T03"
"383",2001,7.65,1.275,11.5,62.45,75.125,"T03"
"384",2002,9.7,2.825,6.5,72.25,84.05,"T03"
"385",2003,8.925,2,9,51.675,83.05,"T03"
"386",2004,9.075,2.3,8.5,54.625,83.45,"T03"
"387",2005,9.575,3.325,4.5,56.875,62.25,"T03"
"388",2006,8.675,2.025,8.5,54.5,61.325,"T03"
"389",2007,9.775,2.975,5.5,70.875,74.125,"T03"
"390",2008,9.675,2.55,5.5,84.425,75.425,"T03"
"391",2009,8.35,1.775,10.75,43.15,71.1,"T03"
"392",2010,6.85,-0.275,15.5,54.375,69.15,"T03"
"393",2011,7.7,0.65,10.75,55.25,78.65,"T03"
"394",2012,9.85,3.95,3.25,49.675,56.4,"T03"
"395",2013,7.475,1.325,10.25,78.55,54.2,"T03"
"396",2014,9.1,2.975,2.25,95.775,64.95,"T03"
"397",2015,8.45,0.725,12.5,71.825,80.025,"T03"
"398",2016,9.525,2.925,5.25,106.1,67.925,"T03"
"399",2017,9.95,3.45,5.25,49.4,65.425,"T03"
"400",2018,7.575,1.525,8.75,83.35,64.725,"T03"
"401",2019,9.75,3.9,3.25,67.1,55.1,"T03"
"402",2020,9.025,2.925,2.5,76.45,76.775,"T03"
"403",2021,8.425,2.45,7.75,75.1,58.85,"T03"
"404",2022,9.625,3.575,2.25,77.2,82.9,"T03"
"405",1959,NA,NA,NA,NA,NA,"T04"
"406",1960,6.525,0.85,10.25,NA,59.65,"T04"
"407",1961,7.475,1.525,9.25,NA,73.075,"T04"
"408",1962,5.6,-1.15,15,80.3,74.425,"T04"
"409",1963,4.25,-2.4,20.5,49.375,86.1,"T04"
"410",1964,5.85,0.4,12.25,35.725,54.25,"T04"
"411",1965,5.825,-0.4,13.25,85.2,63.975,"T04"
"412",1966,6.15,0.975,10.25,69.15,49.725,"T04"
"413",1967,6.825,1.825,6,88.375,71,"T04"
"414",1968,6.2,0.25,14,76.65,58.3,"T04"
"415",1969,4.425,-0.9,15.5,56.825,49.475,"T04"
"416",1970,5.1,-1.05,16.25,72.025,66.2,"T04"
"417",1971,6.675,1.3,8.75,54.2,51.7,"T04"
"418",1972,7.125,1.8,8,70.8,59.15,"T04"
"419",1973,7.275,1.15,10.5,57.95,71.425,"T04"
"420",1974,7.2,1.575,7.25,117.525,58.25,"T04"
"421",1975,7.775,1.7,9,103.625,66.2,"T04"
"422",1976,6.825,1.775,8,52.725,51.625,"T04"
"423",1977,5.35,-0.25,13.25,81.8,45.525,"T04"
"424",1978,5.8,0.7,10,106.2,54.05,"T04"
"425",1979,4.1,-1.45,17.75,73.275,53.675,"T04"
"426",1980,5.7,0.425,14,88.875,39.05,"T04"
"427",1981,7.125,1.25,11.75,83.125,52.95,"T04"
"428",1982,5.8,-0.55,13,85.7,NA,"T04"
"429",1983,6.5,1.1,9.75,85.725,NA,"T04"
"430",1984,6.15,0.9,9.25,94.225,NA,"T04"
"431",1985,5.575,-0.2,14,42.775,NA,"T04"
"432",1986,5.4,-0.175,14.75,60.65,NA,"T04"
"433",1987,5.775,-0.1,14.25,101.95,NA,"T04"
"434",1988,7.05,1.6,8.75,100.3,NA,"T04"
"435",1989,8.725,2.85,4,95.65,NA,"T04"
"436",1990,8.025,2.475,5.5,144.775,NA,"T04"
"437",1991,6.25,0.35,14.25,117.375,NA,"T04"
"438",1992,7.775,1.475,9.5,80.075,NA,"T04"
"439",1993,7.2,1.575,8.75,80.6,NA,"T04"
"440",1994,6.35,0.925,9.75,136.95,NA,"T04"
"441",1995,7.025,1.325,10,139.05,NA,"T04"
"442",1996,5.15,0.2,13.25,59.25,NA,"T04"
"443",1997,7.05,1.075,11.25,68.15,NA,"T04"
"444",1998,8.45,3,6.25,92.375,NA,"T04"
"445",1999,7.725,1.925,6.75,82.3,NA,"T04"
"446",2000,7.6,2.025,7.75,120.3,NA,"T04"
"447",2001,6.4,0.0999999999999999,15.25,84.125,NA,"T04"
"448",2002,8.35,0.45,13.5,104.2,NA,"T04"
"449",2003,7.8,0.825,10.75,60,NA,"T04"
"450",2004,7.7,0.975,13.25,80.3,NA,"T04"
"451",2005,8.275,2.225,7.25,82.5,NA,"T04"
"452",2006,6.275,0.575,11.25,54.425,NA,"T04"
"453",2007,8.675,1.85,9.25,114.4,NA,"T04"
"454",2008,8.275,0.875,10.75,114.675,NA,"T04"
"455",2009,6.925,0.3,13.75,67,NA,"T04"
"456",2010,5.525,-1.6,18.5,59.075,NA,"T04"
"457",2011,6.1,-1,13.25,58.8,NA,"T04"
"458",2012,8.375,2.075,7.75,72.35,NA,"T04"
"459",2013,5.525,-0.275,17,68.575,NA,"T04"
"460",2014,8.35,2.6,4,156.65,NA,"T04"
"461",2015,7.05,0.875,10.5,89.8,NA,"T04"
"462",2016,8.25,2.05,8.5,161.75,NA,"T04"
"463",2017,8.3,2.3,9.25,76.2,NA,"T04"
"464",2018,6.25,0.2,13.75,78.55,NA,"T04"
"465",2019,8.55,1.925,7.5,85.5,NA,"T04"
"466",2020,8.25,2.125,6.25,140,NA,"T04"
"467",2021,6.975,0.9,11.5,124.9,NA,"T04"
"468",2022,8.625,2.175,6.75,74.85,NA,"T04"
"469",1951,NA,NA,NA,NA,NA,"T05"
"470",1952,9.125,4.5,NA,71.1,89.675,"T05"
"471",1953,9.175,2.825,NA,52.575,99.725,"T05"
"472",1954,9.375,4.5,NA,64.075,83.2,"T05"
"473",1955,8,2.775,NA,77.05,96.425,"T05"
"474",1956,8.75,3.225,NA,66.35,95.525,"T05"
"475",1957,10.675,6.125,NA,90.75,71.1,"T05"
"476",1958,8.775,4.1,NA,59.675,69.825,"T05"
"477",1959,NA,NA,NA,NA,89.925,"T05"
"478",1960,NA,NA,NA,NA,71.15,"T05"
"479",1961,NA,NA,NA,NA,76.625,"T05"
"480",1962,NA,NA,NA,71.95,91.875,"T05"
"481",1963,NA,NA,NA,48.95,96.225,"T05"
"482",1964,NA,NA,NA,30.725,70.75,"T05"
"483",1965,NA,NA,NA,60.575,80.375,"T05"
"484",1966,NA,NA,NA,78.175,70.7,"T05"
"485",1967,NA,NA,NA,69.275,87.025,"T05"
"486",1968,NA,NA,NA,63.1,78.2,"T05"
"487",1969,NA,NA,NA,92.35,63.05,"T05"
"488",1970,NA,NA,NA,87.35,75,"T05"
"489",1971,NA,NA,NA,81.05,NA,"T05"
"490",1972,NA,NA,NA,70.55,NA,"T05"
"491",1973,NA,NA,NA,67.025,NA,"T05"
"492",1974,NA,NA,NA,91.425,NA,"T05"
"493",1980,NA,NA,NA,NA,NA,"T05"
"494",1981,NA,NA,NA,70.925,NA,"T05"
"495",1982,NA,NA,NA,90.825,NA,"T05"
"496",1983,NA,NA,NA,85.325,NA,"T05"
"497",1984,NA,NA,NA,82,NA,"T05"
"498",1985,NA,NA,NA,70.225,NA,"T05"
"499",1986,NA,NA,NA,63.95,NA,"T05"
"500",1987,8.3,2.575,7,77.15,NA,"T05"
"501",1988,9.85,4.525,2.25,97.275,NA,"T05"
"502",1989,10.875,4.95,2.5,68.65,NA,"T05"
"503",1990,11.2,4.8,2.5,108.675,NA,"T05"
"504",1991,8.775,2.15,8.5,87.525,NA,"T05"
"505",1992,9.4,3.35,6.5,46.725,NA,"T05"
"506",1993,9.65,3.9,4.5,56.075,NA,"T05"
"507",1994,9.95,4.475,3.5,121.725,NA,"T05"
"508",1995,NA,NA,NA,119.55,NA,"T05"
"509",1996,NA,NA,NA,63.55,NA,"T05"
"510",1997,NA,NA,NA,40.1,NA,"T05"
"511",1998,10.95,4.825,3.75,74.45,NA,"T05"
"512",1999,10.4,4.4,3.25,81.35,NA,"T05"
"513",2000,10.25,4.375,2.75,100,NA,"T05"
"514",2001,9.5,3.825,5.75,98.7,NA,"T05"
"515",2002,10.625,4.425,3.75,75.55,NA,"T05"
"516",2003,9.975,3.975,4.25,65.75,NA,"T05"
"517",2004,9.95,4.025,4.25,83.425,NA,"T05"
"518",2005,10.05,4.625,3.5,69.275,NA,"T05"
"519",2006,8.725,2.975,6.75,59.225,NA,"T05"
"520",2007,10.9,5.45,2.25,84.575,NA,"T05"
"521",2008,10.45,4.325,3.75,83.05,NA,"T05"
"522",2009,8.85,2.875,6.5,68.45,NA,"T05"
"523",2010,8.15,1.8,8.5,67,NA,"T05"
"524",2011,9.05,2.075,10.25,52.45,NA,"T05"
"525",2012,10.625,4.65,3.75,74,NA,"T05"
"526",2013,8.475,3.075,5,102.2,NA,"T05"
"527",2014,10.9,4.5,0.25,123.3,NA,"T05"
"528",2015,9.75,3.575,4,88.175,NA,"T05"
"529",2016,10.95,5.225,2.5,105.8,NA,"T05"
"530",2017,10.625,5.075,2.25,70.9,NA,"T05"
"531",2018,9.2,3.475,4.75,90.7,NA,"T05"
"532",2019,11.075,5.075,1.75,74.9,NA,"T05"
"533",2020,10.6,4.675,2.25,108.85,NA,"T05"
"534",2021,9.875,3.825,6.25,102.75,NA,"T05"
"535",2022,11.375,4.975,2,59.25,NA,"T05"
"536",1948,NA,NA,NA,NA,NA,"T06"
"537",1949,9.25,1.85,NA,34.775,NA,"T06"
"538",1950,9.625,2.625,7,37.35,NA,"T06"
"539",1951,6.625,0.75,9.25,79.725,NA,"T06"
"540",1952,8.1,1.75,9.5,41.325,NA,"T06"
"541",1953,7.5,0.6,12.5,31.775,NA,"T06"
"542",1954,8.1,2.2,7.25,34.9,NA,"T06"
"543",1955,7.05,0.8,12.5,38.65,NA,"T06"
"544",1956,7.6,0.475,13.25,38.15,NA,"T06"
"545",1957,9.95,3.7,4.25,51.25,NA,"T06"
"546",1958,7.85,1.225,10.25,47.775,57.95,"T06"
"547",1959,8.25,1.8,8,46.525,66.125,"T06"
"548",1960,8.575,2.725,5,51.375,52.425,"T06"
"549",1961,9.5,2.775,5,45.425,78.25,"T06"
"550",1962,7.425,0.55,11.75,53.275,72.95,"T06"
"551",1963,4.825,-1.225,20.25,35.125,67.65,"T06"
"552",1964,6.6,1.25,9.25,36.45,51.875,"T06"
"553",1965,7.525,1.25,11.5,34.8,70.9,"T06"
"554",1966,8.475,2.425,6.75,51.375,61.1,"T06"
"555",1967,9.375,2.65,6.5,45.8,91.2,"T06"
"556",1968,7.8,1.575,10,41.75,78.45,"T06"
"557",1969,6.8,1.2,9.75,61.9,50.1,"T06"
"558",1970,7.125,1.25,10.75,47.825,63.9,"T06"
"559",1971,8.125,2.175,7,42,66.275,"T06"
"560",1972,9.125,3.125,2.75,43.425,62.95,"T06"
"561",1973,9.075,2.1,8.25,25.675,72.15,"T06"
"562",1974,9.425,2.875,4.25,47.575,68.525,"T06"
"563",1975,9.75,3.7,3.5,54.85,59.15,"T06"
"564",1976,8.425,2.2,8.5,18.85,68.85,"T06"
"565",1977,8.125,2.125,8.25,64.475,71,"T06"
"566",1978,8.35,2.25,7.5,56.025,58.575,"T06"
"567",1979,6.325,0.4,13,76.85,61.6,"T06"
"568",1980,8.525,2.275,6.75,57.325,64.35,"T06"
"569",1981,8.975,2.775,8.5,42.2,63.525,"T06"
"570",1982,7.7,0.95,9.5,51.6,81.825,"T06"
"571",1983,8.625,2.175,8.75,43.875,70.025,"T06"
"572",1984,8.375,1.975,7.75,57.625,67.4,"T06"
"573",1985,7.125,0.6,13.25,40.475,69.925,"T06"
"574",1986,7.25,1.325,11.75,61.025,72.025,"T06"
"575",1987,7.375,1.25,12,36.7,68.175,"T06"
"576",1988,9.275,3.175,5,51.7,73.275,"T06"
"577",1989,10.75,3.75,3.25,32.925,72.725,"T06"
"578",1990,11.225,4.675,1,72.4,85.025,"T06"
"579",1991,8.2,2.075,7,45.425,66.85,"T06"
"580",1992,9.275,2.725,7.75,20.2,57.2,"T06"
"581",1993,9.275,2.725,5.5,29.35,66.575,"T06"
"582",1994,9.625,3.175,4.5,59.1,81.05,"T06"
"583",1995,10.375,3.15,5,74.6,96.45,"T06"
"584",1996,7.1,1.575,11,51.175,61.55,"T06"
"585",1997,9.075,2.725,7,22.45,81.5,"T06"
"586",1998,10.6,4.225,3.25,43.425,77.8,"T06"
"587",1999,10.025,3.85,4.75,41.15,77.175,"T06"
"588",2000,9.95,3.375,5,42.975,94.2,"T06"
"589",2001,8.7,3.25,5.5,78.5,76.875,"T06"
"590",2002,10.125,3.7,5.25,42.6,87.35,"T06"
"591",2003,9.75,3.425,5,57.45,101.45,"T06"
"592",2004,9.275,3.5,5.25,44.75,72.5,"T06"
"593",2005,9.275,3.425,5,32.825,69.85,"T06"
"594",2006,8.1,2.325,7.25,36.75,67.8,"T06"
"595",2007,10.65,4.475,3.5,64.075,80.45,"T06"
"596",2008,10.225,3.375,4.5,49.7,84.325,"T06"
"597",2009,8.7,1.95,9,53.3,86.5,"T06"
"598",2010,7.375,1.6,9.75,69.15,66.175,"T06"
"599",2011,8.45,2.475,8.5,38.9,54.175,"T06"
"600",2012,10.6,3.3,5.75,32.6,98.575,"T06"
"601",2013,7.275,1.75,9.5,57.875,54.925,"T06"
"602",2014,11.225,4.025,1.25,94.55,93.175,"T06"
"603",2015,9.4,2.625,6.5,40.95,84.55,"T06"
"604",2016,10.825,4.5,3.25,57.7,74.975,"T06"
"605",2017,10.475,3.775,5.75,33.65,70.925,"T06"
"606",2018,8.725,2.575,6.5,62.35,63.15,"T06"
"607",2019,10.95,4.075,3.5,44.4,83.975,"T06"
"608",2020,10.85,4.225,2.25,69.95,79.125,"T06"
"609",2021,9.175,3,6.75,57.5,53.8,"T06"
"610",2022,10.875,4.025,4.25,42.35,80.95,"T06"
"611",1853,NA,NA,NA,NA,NA,"T08"
"612",1854,7.4,0.75,12.5,24.6,NA,"T08"
"613",1855,5.525,-0.675,15.25,31.825,NA,"T08"
"614",1856,7.15,1.375,10.5,40.025,NA,"T08"
"615",1857,7.275,0.75,12.5,45.025,NA,"T08"
"616",1858,7.525,1.075,13.25,24.875,NA,"T08"
"617",1859,8.825,2.9,5,39.15,NA,"T08"
"618",1860,6.35,-1.11022302462516e-16,13.5,52.6,NA,"T08"
"619",1861,6.55,NA,NA,43.625,NA,"T08"
"620",1862,7.575,2.75,7,62.575,NA,"T08"
"621",1863,9.2,2.725,4.5,38.125,NA,"T08"
"622",1864,7.25,1.125,10.75,38.075,NA,"T08"
"623",1865,5.325,0.1,13.25,41.35,NA,"T08"
"624",1866,8.325,2.475,7.25,59.7,NA,"T08"
"625",1867,7.475,1.775,10.5,57.525,NA,"T08"
"626",1868,8.25,2,10,50.975,NA,"T08"
"627",1869,9.05,3.6,4.5,72.475,NA,"T08"
"628",1870,6.225,1.15,11.25,52.25,NA,"T08"
"629",1871,6.7,0.875,11.75,32.125,NA,"T08"
"630",1872,8.8,2.95,6.25,54.7,NA,"T08"
"631",1873,7.4,2.2,7.75,63.55,NA,"T08"
"632",1874,8.5,2.3,9,32.525,NA,"T08"
"633",1875,6.475,1.15,13.25,50.75,NA,"T08"
"634",1876,7.1,1.975,9,56.65,NA,"T08"
"635",1877,9.125,3.575,4.75,84.775,NA,"T08"
"636",1878,8.4,2.825,7,35.65,NA,"T08"
"637",1879,4.825,-0.65,16.5,55.5,NA,"T08"
"638",1880,6.85,-0.2,14.5,31.5,NA,"T08"
"639",1881,6.925,0.8,11.5,53.875,NA,"T08"
"640",1882,9.15,3.1,4.75,42.725,NA,"T08"
"641",1883,8.125,2.15,8.5,64.3,NA,"T08"
"642",1884,9.15,3.475,3.25,34.65,NA,"T08"
"643",1885,7.875,2.2,8,50.95,NA,"T08"
"644",1886,5.525,0.3,15.75,46.025,NA,"T08"
"645",1887,6.25,-0.1,14.5,61.75,NA,"T08"
"646",1888,5.575,0.3,17.25,51.1,NA,"T08"
"647",1889,6.875,0.85,13.5,42.75,NA,"T08"
"648",1890,7.675,1.575,9,30.425,NA,"T08"
"649",1891,5.325,-1.3,17.75,22.65,NA,"T08"
"650",1892,6.35,0.325,14.75,31.55,NA,"T08"
"651",1893,7.7,0.825,12.25,36.8,NA,"T08"
"652",1894,8.575,1.725,6.5,45.9,NA,"T08"
"653",1895,5.6,-0.575,15.5,40.625,NA,"T08"
"654",1896,8.35,2.5,5.75,38.1,NA,"T08"
"655",1897,7.5,2.425,7.75,63.9,NA,"T08"
"656",1898,8.3,2.175,9.25,32.2,NA,"T08"
"657",1899,9.675,2.625,8.75,49.775,NA,"T08"
"658",1900,6.35,0.875,10.25,52.9,NA,"T08"
"659",1901,7.175,1.825,9.5,44.425,NA,"T08"
"660",1902,7.475,1.7,11,39.575,NA,"T08"
"661",1903,8.875,3.425,4,49.05,NA,"T08"
"662",1904,6.8,1.525,8.75,52,NA,"T08"
"663",1905,8.05,2.275,7.5,38.175,NA,"T08"
"664",1906,7.825,2.025,7.25,46.75,NA,"T08"
"665",1907,7.725,0.95,11,28.425,NA,"T08"
"666",1908,7.55,1.7,7.75,57.5,NA,"T08"
"667",1909,6.575,0.825,10.75,36.275,NA,"T08"
"668",1910,8.3,2.05,8,52.25,NA,"T08"
"669",1911,7.9,2.775,4.5,55.825,NA,"T08"
"670",1912,8.875,3.75,4,93.975,NA,"T08"
"671",1913,8.975,3.3,4.75,63.975,NA,"T08"
"672",1914,8.5,2.775,7.75,45.375,NA,"T08"
"673",1915,7.925,2.125,7.5,88.45,NA,"T08"
"674",1916,8.075,2.7,6.25,98.575,NA,"T08"
"675",1917,4.625,-0.475,16.75,46.575,NA,"T08"
"676",1918,7.8,1.65,10.75,35.45,NA,"T08"
"677",1919,6.725,1.4,10,74.65,NA,"T08"
"678",1920,9.775,3.125,4.5,56.125,NA,"T08"
"679",1921,9.275,3.225,4.75,39.85,NA,"T08"
"680",1922,8.325,2.025,9.25,52.25,NA,"T08"
"681",1923,8.85,3.35,2,66.275,NA,"T08"
"682",1924,7.75,1.05,13,42.7,NA,"T08"
"683",1925,8.85,2.65,5.5,62.325,NA,"T08"
"684",1926,8.575,2.475,6.75,55.85,NA,"T08"
"685",1927,8.3,2.2,7.5,57.55,NA,"T08"
"686",1928,8.475,2.025,7,67.05,NA,"T08"
"687",1929,6.625,-0.95,16.5,25.275,NA,"T08"
"688",1930,8.35,2.225,7.25,62.35,70.225,"T08"
"689",1931,7.525,1.075,11.25,40.1,75.325,"T08"
"690",1932,8.15,1.575,10.75,31.25,70.2,"T08"
"691",1933,8.575,1.875,10.25,52.85,102.35,"T08"
"692",1934,7.025,0.175,12.5,27.125,86,"T08"
"693",1935,9.55,3.525,3.75,54.875,65.725,"T08"
"694",1936,7.5,1.6,10.75,61.3,63.225,"T08"
"695",1937,8.525,2.25,7,83.325,69.875,"T08"
"696",1938,9.625,2.6,6.25,36.5,80.4,"T08"
"697",1939,8.425,2.35,6.25,63.275,72.475,"T08"
"698",1940,5.975,-0.325,14.25,57.65,70.05,"T08"
"699",1941,6.575,0.575,12.25,56.4,68.7,"T08"
"700",1942,6,0,15,48.6,53.825,"T08"
"701",1943,9.725,3.125,5,56.425,79.475,"T08"
"702",1944,8.05,1.45,9.5,23,73.95,"T08"
"703",1945,8.3,1.85,9,39.4,83.475,"T08"
"704",1946,8.25,1.975,8,51.15,70.6,"T08"
"705",1947,4.65,-0.95,17,66.1,57.85,"T08"
"706",1948,9.775,2.925,6.25,53.325,84.175,"T08"
"707",1949,9.25,2.45,6.75,40.275,86,"T08"
"708",1950,9.425,2.8,6,43.75,78.075,"T08"
"709",1951,6.425,1.075,10.25,72.25,63.85,"T08"
"710",1952,8.1,1.875,8.75,40.15,91.4,"T08"
"711",1953,7.375,0.4,14.25,33.65,84.2,"T08"
"712",1954,7.925,2.1,7.5,43.775,72.925,"T08"
"713",1955,6.75,0.8,13.25,46.725,85.575,"T08"
"714",1956,7.35,0.475,12,51.825,81.55,"T08"
"715",1957,9.875,3.9,5.25,59.125,65.575,"T08"
"716",1958,7.7,1.45,10.75,63.65,70.75,"T08"
"717",1959,7.7,1.875,9,66.6,70.7,"T08"
"718",1960,8.25,2.7,5.25,70.45,60.775,"T08"
"719",1961,9.275,3.15,2.5,62.875,84.1,"T08"
"720",1962,6.9,0.55,12,58.8,85.85,"T08"
"721",1963,3.875,-1.85,18.75,41.15,70.925,"T08"
"722",1964,6.275,1.425,9.75,36.6,52.55,"T08"
"723",1965,7.225,1.05,12.5,37.425,75.9,"T08"
"724",1966,8.2,2.75,6,52.775,69.35,"T08"
"725",1967,9.075,3.175,4,52.725,92.175,"T08"
"726",1968,7.475,1.875,10.25,41.875,80.775,"T08"
"727",1969,6.3,1.225,10.25,56.675,56.125,"T08"
"728",1970,6.7,1.075,10.5,58.625,76.7,"T08"
"729",1971,7.625,2,9,51.05,65.35,"T08"
"730",1972,8.475,2.975,3.5,49.625,60.725,"T08"
"731",1973,8.55,2.25,6.75,31.05,77.8,"T08"
"732",1974,8.9,2.85,5.25,52.575,69.8,"T08"
"733",1975,9.025,3.7,2.75,56.925,58.5,"T08"
"734",1976,8.125,2.275,9.25,18.85,63.775,"T08"
"735",1977,7.35,1.975,8,87.975,63.9,"T08"
"736",1978,7.85,2.075,7.75,58.475,71.45,"T08"
"737",1979,5.625,0.075,13.75,83.2,66.625,"T08"
"738",1980,8.05,2.25,7.5,68.5,72.3,"T08"
"739",1981,8.275,2.975,7.5,55.675,62.1,"T08"
"740",1982,6.825,0.875,9.5,64.85,72.75,"T08"
"741",1983,8.15,2.3,8,43.6,69.7,"T08"
"742",1984,7.7,2.025,5.75,54.25,65.95,"T08"
"743",1985,6.65,0.35,13.75,40.075,74.775,"T08"
"744",1986,6.575,1.05,10.5,60.175,79.775,"T08"
"745",1987,6.875,1.225,11.75,40.5,78.25,"T08"
"746",1988,8.6,3.275,5,54.725,69.875,"T08"
"747",1989,10.275,4.15,2.5,37.225,80.7,"T08"
"748",1990,10.55,4.525,1.75,82.275,81.15,"T08"
"749",1991,7.375,1.6,9.5,45.95,68.225,"T08"
"750",1992,8.2,2.5,8,29,61.45,"T08"
"751",1993,8.525,2.775,5.75,43.225,68.725,"T08"
"752",1994,8.9,3.325,3.5,71.125,86.8,"T08"
"753",1995,9.75,3.125,4.75,76.55,100.9,"T08"
"754",1996,6.45,1.25,12,55.8,62.5,"T08"
"755",1997,8.575,2.6,8,27.95,80.325,"T08"
"756",1998,10.15,4,5,46.2,77.55,"T08"
"757",1999,9.65,3.575,4.5,56.575,66.975,"T08"
"758",2000,9.575,2.925,5.75,49.95,90.125,"T08"
"759",2001,8.2,2.625,8.75,75.225,73.575,"T08"
"760",2002,9.875,3.15,7,47.7,76.3,"T08"
"761",2003,9.55,2.3,9.5,55.5,94.55,"T08"
"762",2004,9.275,2.7,8,53.525,74.225,"T08"
"763",2005,9.125,3.35,6,30.1,67.325,"T08"
"764",2006,7.675,1.7,10.25,39.775,69.8,"T08"
"765",2007,10.375,4.125,4.75,64.975,88.875,"T08"
"766",2008,9.925,3.075,6,62.35,89.725,"T08"
"767",2009,8.375,1.675,10,39.95,92.175,"T08"
"768",2010,7.475,1.075,11,68.425,79.8,"T08"
"769",2011,8.125,1.825,10.75,37.525,62.7,"T08"
"770",2012,10.1,2.875,6,37.85,96.075,"T08"
"771",2013,6.875,1.4,11,71.45,60.625,"T08"
"772",2014,10.45,3.7,1.25,93.475,93.575,"T08"
"773",2015,9,2.075,7.5,42.35,95.4,"T08"
"774",2016,10.525,4.05,3.75,67.15,83.525,"T08"
"775",2017,10.025,3.4,6.75,43.625,75.225,"T08"
"776",2018,8.175,2.1,8.5,61.2,79.95,"T08"
"777",2019,10.475,3.275,6.75,43.525,89.975,"T08"
"778",2020,10.225,3.675,3.75,68.15,97.925,"T08"
"779",2021,8.775,2.725,7.25,74.675,70.5,"T08"
"780",2022,10.6,3.675,4,46.25,88.55,"T08"
"781",1948,NA,NA,NA,NA,NA,"T09"
"782",1949,9.25,1.85,NA,34.775,NA,"T09"
"783",1950,9.625,2.625,7,37.35,NA,"T09"
"784",1951,6.625,0.75,9.25,79.725,NA,"T09"
"785",1952,8.1,1.75,9.5,41.325,NA,"T09"
"786",1953,7.5,0.6,12.5,31.775,NA,"T09"
"787",1954,8.1,2.2,7.25,34.9,NA,"T09"
"788",1955,7.05,0.8,12.5,38.65,NA,"T09"
"789",1956,7.6,0.475,13.25,38.15,NA,"T09"
"790",1957,9.95,3.7,4.25,51.25,NA,"T09"
"791",1958,7.85,1.225,10.25,47.775,57.95,"T09"
"792",1959,8.25,1.8,8,46.525,66.125,"T09"
"793",1960,8.575,2.725,5,51.375,52.425,"T09"
"794",1961,9.5,2.775,5,45.425,78.25,"T09"
"795",1962,7.425,0.55,11.75,53.275,72.95,"T09"
"796",1963,4.825,-1.225,20.25,35.125,67.65,"T09"
"797",1964,6.6,1.25,9.25,36.45,51.875,"T09"
"798",1965,7.525,1.25,11.5,34.8,70.9,"T09"
"799",1966,8.475,2.425,6.75,51.375,61.1,"T09"
"800",1967,9.375,2.65,6.5,45.8,91.2,"T09"
"801",1968,7.8,1.575,10,41.75,78.45,"T09"
"802",1969,6.8,1.2,9.75,61.9,50.1,"T09"
"803",1970,7.125,1.25,10.75,47.825,63.9,"T09"
"804",1971,8.125,2.175,7,42,66.275,"T09"
"805",1972,9.125,3.125,2.75,43.425,62.95,"T09"
"806",1973,9.075,2.1,8.25,25.675,72.15,"T09"
"807",1974,9.425,2.875,4.25,47.575,68.525,"T09"
"808",1975,9.75,3.7,3.5,54.85,59.15,"T09"
"809",1976,8.425,2.2,8.5,18.85,68.85,"T09"
"810",1977,8.125,2.125,8.25,64.475,71,"T09"
"811",1978,8.35,2.25,7.5,56.025,58.575,"T09"
"812",1979,6.325,0.4,13,76.85,61.6,"T09"
"813",1980,8.525,2.275,6.75,57.325,64.35,"T09"
"814",1981,8.975,2.775,8.5,42.2,63.525,"T09"
"815",1982,7.7,0.95,9.5,51.6,81.825,"T09"
"816",1983,8.625,2.175,8.75,43.875,70.025,"T09"
"817",1984,8.375,1.975,7.75,57.625,67.4,"T09"
"818",1985,7.125,0.6,13.25,40.475,69.925,"T09"
"819",1986,7.25,1.325,11.75,61.025,72.025,"T09"
"820",1987,7.375,1.25,12,36.7,68.175,"T09"
"821",1988,9.275,3.175,5,51.7,73.275,"T09"
"822",1989,10.75,3.75,3.25,32.925,72.725,"T09"
"823",1990,11.225,4.675,1,72.4,85.025,"T09"
"824",1991,8.2,2.075,7,45.425,66.85,"T09"
"825",1992,9.275,2.725,7.75,20.2,57.2,"T09"
"826",1993,9.275,2.725,5.5,29.35,66.575,"T09"
"827",1994,9.625,3.175,4.5,59.1,81.05,"T09"
"828",1995,10.375,3.15,5,74.6,96.45,"T09"
"829",1996,7.1,1.575,11,51.175,61.55,"T09"
"830",1997,9.075,2.725,7,22.45,81.5,"T09"
"831",1998,10.6,4.225,3.25,43.425,77.8,"T09"
"832",1999,10.025,3.85,4.75,41.15,77.175,"T09"
"833",2000,9.95,3.375,5,42.975,94.2,"T09"
"834",2001,8.7,3.25,5.5,78.5,76.875,"T09"
"835",2002,10.125,3.7,5.25,42.6,87.35,"T09"
"836",2003,9.75,3.425,5,57.45,101.45,"T09"
"837",2004,9.275,3.5,5.25,44.75,72.5,"T09"
"838",2005,9.275,3.425,5,32.825,69.85,"T09"
"839",2006,8.1,2.325,7.25,36.75,67.8,"T09"
"840",2007,10.65,4.475,3.5,64.075,80.45,"T09"
"841",2008,10.225,3.375,4.5,49.7,84.325,"T09"
"842",2009,8.7,1.95,9,53.3,86.5,"T09"
"843",2010,7.375,1.6,9.75,69.15,66.175,"T09"
"844",2011,8.45,2.475,8.5,38.9,54.175,"T09"
"845",2012,10.6,3.3,5.75,32.6,98.575,"T09"
"846",2013,7.275,1.75,9.5,57.875,54.925,"T09"
"847",2014,11.225,4.025,1.25,94.55,93.175,"T09"
"848",2015,9.4,2.625,6.5,40.95,84.55,"T09"
"849",2016,10.825,4.5,3.25,57.7,74.975,"T09"
"850",2017,10.475,3.775,5.75,33.65,70.925,"T09"
"851",2018,8.725,2.575,6.5,62.35,63.15,"T09"
"852",2019,10.95,4.075,3.5,44.4,83.975,"T09"
"853",2020,10.85,4.225,2.25,69.95,79.125,"T09"
"854",2021,9.175,3,6.75,57.5,53.8,"T09"
"855",2022,10.875,4.025,4.25,42.35,80.95,"T09"
"856",1855,NA,NA,NA,NA,NA,"T10"
"857",1856,8.15,2.2,10.5,58.95,NA,"T10"
"858",1857,8.45,1.6,11.25,56.1,NA,"T10"
"859",1858,8.95,2.15,10,27,NA,"T10"
"860",1859,9.925,3.7,3.5,76.05,NA,"T10"
"861",1860,7.45,1.125,11.75,86.225,NA,"T10"
"862",1861,7.525,1.8,9.25,71.25,NA,"T10"
"863",1862,8.425,3.225,5.5,75.375,NA,"T10"
"864",1863,9.875,3.625,3.5,68.3,NA,"T10"
"865",1864,8.025,2.25,7.25,68.7,NA,"T10"
"866",1865,6.1,0.525,14.5,79.6,NA,"T10"
"867",1866,8.8,3.15,4.75,122.725,NA,"T10"
"868",1867,8,2.35,10.25,80.2,NA,"T10"
"869",1868,8.325,2.25,10.25,63.35,NA,"T10"
"870",1869,9.55,4.2,4.25,107.725,NA,"T10"
"871",1870,6.55,1.55,11.5,66.825,NA,"T10"
"872",1871,6.925,1.5,10.75,58.75,NA,"T10"
"873",1872,8.8,3.35,7.25,93.7,NA,"T10"
"874",1873,8.075,3.075,5.25,105.975,NA,"T10"
"875",1874,9.2,2.825,7,33.05,NA,"T10"
"876",1875,6.75,1.5,13,84.325,NA,"T10"
"877",1876,7.175,2.15,9.75,55.875,NA,"T10"
"878",1877,9.4,4.1,4.25,115.275,NA,"T10"
"879",1878,8.5,2.975,8,45.45,NA,"T10"
"880",1879,5.425,0.7,14,66.7,NA,"T10"
"881",1880,7.225,0.625,14.5,37.875,NA,"T10"
"882",1881,7.625,1.3,11.25,75.325,NA,"T10"
"883",1882,9.5,3.25,5.5,46.075,NA,"T10"
"884",1883,8.525,2.175,9,74.225,NA,"T10"
"885",1884,9.475,3.775,2.75,58.1,NA,"T10"
"886",1885,8.45,2.6,6.25,76.7,NA,"T10"
"887",1886,6.575,0.75,13.75,57.825,NA,"T10"
"888",1887,7.1,0.45,15,81.7,NA,"T10"
"889",1888,6.425,0.625,15.5,49.625,NA,"T10"
"890",1889,8.3,1.8,11.5,47.875,NA,"T10"
"891",1890,8.675,2.375,8.5,50.15,NA,"T10"
"892",1891,6.375,-0.7,17.75,47.4,NA,"T10"
"893",1892,8.05,1.35,12.5,50.925,NA,"T10"
"894",1893,8.7,1.7,9,47.15,NA,"T10"
"895",1894,9.475,2.25,6.75,71.725,NA,"T10"
"896",1895,6.825,0.05,14.25,52.45,NA,"T10"
"897",1896,9.125,3.1,5.75,48.05,64.125,"T10"
"898",1897,8.725,2.975,6.5,104.925,58.45,"T10"
"899",1898,9.475,3,6.75,53.525,70.4,"T10"
"900",1899,10.425,3.275,7.25,73.9,95.675,"T10"
"901",1900,7.8,1.575,9.75,76.425,60.4,"T10"
"902",1901,8.175,2.225,9,59.15,58.175,"T10"
"903",1902,8.4,2.375,8.5,65.15,69.4,"T10"
"904",1903,9.675,4.1,4,62.175,74,"T10"
"905",1904,7.925,2.125,7.75,85.25,63.625,"T10"
"906",1905,9.45,3.225,5.5,67.95,80.1,"T10"
"907",1906,8.825,2.725,5.5,87.825,86.1,"T10"
"908",1907,8.65,1.55,10.25,33,113.275,"T10"
"909",1908,8.65,2.425,6.25,71.275,78.4,"T10"
"910",1909,7.45,1.475,10.25,55.5,73.675,"T10"
"911",1910,8.975,2.625,7.75,83.375,93.6,"T10"
"912",1911,8.575,3.175,4.5,68.65,69.55,"T10"
"913",1912,9.675,4.3,3,123.525,57.075,"T10"
"914",1913,9.625,3.975,3.75,86.8,60.95,"T10"
"915",1914,8.75,3.25,7,77.5,63.575,"T10"
"916",1915,8.45,2.6,6.75,130.475,71.275,"T10"
"917",1916,8.725,3.425,4.75,119.575,59.75,"T10"
"918",1917,5.5,0.025,13.75,63.9,61.725,"T10"
"919",1918,8.4,2.2,9.5,51.675,89.7,"T10"
"920",1919,7.725,2.175,8.75,100.35,66.375,"T10"
"921",1920,10.075,3.525,4.25,82.475,73.15,"T10"
"922",1921,9.625,2.925,5.75,52.95,65.775,"T10"
"923",1922,9.225,2.925,6.5,76.2,70.45,"T10"
"924",1923,9.675,2.825,NA,93.65,70.525,"T10"
"925",1924,8.025,1.25,11.75,51.375,91.9,"T10"
"926",1925,9.275,2.925,5.25,98.125,82.825,"T10"
"927",1926,9.1,3.45,NA,74.675,74.775,"T10"
"928",1927,8.575,2.7,6,67.675,68.725,"T10"
"929",1928,8.775,2.7,6.5,99.275,80.55,"T10"
"930",1929,7.2,-0.0999999999999999,12.25,37.5,87.55,"T10"
"931",1930,8.8,2.875,5.75,97.6,77.9,"T10"
"932",1931,7.9,1.6,9.75,61.55,78.2,"T10"
"933",1932,8.575,2.3,8.75,34.025,69.05,"T10"
"934",1933,8.65,2.375,8,70.825,90.8,"T10"
"935",1934,7.225,0.075,13.75,44.975,74.425,"T10"
"936",1935,9.75,3.75,NA,95.025,72.075,"T10"
"937",1936,8.175,2.65,5.5,97.775,57.3,"T10"
"938",1937,8.9,3.175,5.25,126.25,77.85,"T10"
"939",1938,9.575,3.25,4,67.2,82.875,"T10"
"940",1939,8.85,3.2,3.25,79.525,75.5,"T10"
"941",1940,6.85,0.85,13.25,67.625,68.325,"T10"
"942",1941,NA,NA,NA,84.975,NA,"T10"
"943",1942,7,0.675,13.5,55.325,59.375,"T10"
"944",1943,10.5,3.65,3.5,73.55,89.775,"T10"
"945",1944,8.775,2.15,6.75,32.75,80.15,"T10"
"946",1945,9.05,2.125,7.75,47.8,86.775,"T10"
"947",1946,9.075,2.6,7.75,68.7,NA,"T10"
"948",1947,6,-0.05,15.25,93.775,61.65,"T10"
"949",1948,10.275,3.15,5.5,66.5,88.4,"T10"
"950",1949,10.075,2.75,7.5,53.925,99.1,"T10"
"951",1950,10.25,3.75,4,55.525,85.575,"T10"
"952",1951,7.475,1.525,7.75,101.4,70.275,"T10"
"953",1952,8.9,2.675,6,53.175,79.1,"T10"
"954",1953,8.4,1.275,10.5,33.65,82.175,"T10"
"955",1954,8.7,2.8,6.5,55.45,71.275,"T10"
"956",1955,7.8,1.325,12.5,61.875,84.8,"T10"
"957",1956,8.75,1.375,10.75,62.425,86.675,"T10"
"958",1957,10.625,4.4,3.25,92.9,60.2,"T10"
"959",1958,9,2.325,8.75,70.525,67.125,"T10"
"960",1959,9.25,2.375,7.5,72.725,78.8,"T10"
"961",1960,9.4,3.075,5.5,99.05,61.4,"T10"
"962",1961,10.4,3.475,3,72.675,87.9,"T10"
"963",1962,8.25,1.55,10.25,66.15,80.95,"T10"
"964",1963,5.425,-0.85,17.5,58.475,91.425,"T10"
"965",1964,7.5,2,7.5,46.725,50.2,"T10"
"966",1965,8.35,1.725,9.5,69.575,82.275,"T10"
"967",1966,9.55,3.275,4.75,88.1,68.75,"T10"
"968",1967,10.35,3.35,5.5,79.6,92.25,"T10"
"969",1968,8.6,2.05,9.75,55.6,83.75,"T10"
"970",1969,7.925,2.05,8.5,84.125,63,"T10"
"971",1970,8,2.125,8.5,80.7,73.4,"T10"
"972",1971,8.375,2.575,6.5,59.075,76.775,"T10"
"973",1972,9.375,3.85,2.75,66.425,71.725,"T10"
"974",1973,9.5,2.825,6.5,51.2,85,"T10"
"975",1974,9.85,3.85,3,87.575,77.925,"T10"
"976",1975,10.1,4.4,2.25,74.375,72.5,"T10"
"977",1976,8.625,2.95,7.25,23.25,72.525,"T10"
"978",1977,8.4,2.925,NA,91.925,75.35,"T10"
"979",1978,8.7,2.925,5.75,86.625,78.1,"T10"
"980",1979,6.925,1.15,10.75,110.9,70.1,"T10"
"981",1980,8.775,2.9,6.25,76.45,74.775,"T10"
"982",1981,9.2,3.375,6.75,63.1,77.425,"T10"
"983",1982,8.15,2.05,7.25,65.275,77.025,"T10"
"984",1983,8.925,2.95,6.25,60.4,72.2,"T10"
"985",1984,8.975,2.95,4.5,83.05,70.875,"T10"
"986",1985,7.45,0.825,13,68.025,83.125,"T10"
"987",1986,7.425,1.925,10.5,72.55,75.475,"T10"
"988",1987,7.75,1.85,9.75,68.475,78.475,"T10"
"989",1988,9.375,3.9,3.5,77.875,83.125,"T10"
"990",1989,10.65,4.65,2,51.125,77.875,"T10"
"991",1990,10.975,5.125,1.25,113.05,80.35,"T10"
"992",1991,8.325,2.5,7,67.75,74.375,"T10"
"993",1992,9.25,3.1,NA,30.875,59.225,"T10"
"994",1993,9.25,3.55,4,61.8,NA,"T10"
"995",1994,9.7,3.575,NA,107.175,NA,"T10"
"996",1995,10.3,3.875,3.75,110.125,NA,"T10"
"997",1996,7.525,2.375,8.75,67.9,NA,"T10"
"998",1997,8.75,2.825,7.25,43.875,NA,"T10"
"999",1998,10.575,4.4,3.75,76.75,NA,"T10"
"1000",1999,10.35,3.9,3.75,69.425,NA,"T10"
"1001",2000,10.45,3.525,5,67.075,NA,"T10"
"1002",1930,NA,NA,NA,NA,NA,"T11"
"1003",1931,NA,NA,NA,NA,NA,"T11"
"1004",1932,9.575,6.15,0.25,98.5,62.55,"T11"
"1005",1933,7.85,4.125,1.75,74.975,72.95,"T11"
"1006",1934,9.3,6.025,0.25,95.775,64.6,"T11"
"1007",1935,8.775,5.3,0.75,72.35,53.375,"T11"
"1008",1936,8.675,4.725,0.25,120.375,61.225,"T11"
"1009",1937,8.75,5,0.5,97.075,53.05,"T11"
"1010",1938,9.05,5.25,1,68.95,60.2,"T11"
"1011",1939,9.25,5.5,1,111.25,51.475,"T11"
"1012",1940,8.175,3.9,5,106.675,54.175,"T11"
"1013",1941,8.175,4.075,3.25,85.1,52.05,"T11"
"1014",1942,8.7,3.2,4.75,103.3,49.7,"T11"
"1015",1943,9.225,3.55,5.25,69.5,61.2,"T11"
"1016",1944,9.1,4.45,2.75,66.875,49.225,"T11"
"1017",1945,8.75,3.475,4.75,75.725,49.1,"T11"
"1018",1946,9.3,3.425,5.5,81.1,68.925,"T11"
"1019",1947,7.25,2.35,10,85,54.75,"T11"
"1020",1948,9.15,4.375,5,107.6,68.3,"T11"
"1021",1949,9.95,5.175,2,56.375,65.475,"T11"
"1022",1950,8.6,3.6,5.5,81,56.325,"T11"
"1023",1951,8.4,3.375,3,99.5,70.95,"T11"
"1024",1952,8.45,3.5,4.75,89.25,67.9,"T11"
"1025",1953,8.65,4,3.5,54.975,52.325,"T11"
"1026",1954,8.875,4.5,4,84.975,57.625,"T11"
"1027",1955,8.1,3.15,6.5,100.025,66.85,"T11"
"1028",1956,8.525,3.05,6.5,64.1,64.65,"T11"
"1029",1957,9.325,4.1,3,81.975,68.2,"T11"
"1030",1958,8.9,3.85,3.25,88.975,55.2,"T11"
"1031",1959,9.05,4.125,4.25,89.575,61.175,"T11"
"1032",1960,8.75,3.75,4.75,130.425,66.325,"T11"
"1033",1961,8.775,3.775,6,121.9,65.15,"T11"
"1034",1962,8.4,3.6,4.75,77.675,72.325,"T11"
"1035",1963,6.35,0.525,13.25,37,87.75,"T11"
"1036",1964,9.075,4.05,3.75,86.325,63.325,"T11"
"1037",1965,8.7,3.525,5.5,92.825,67.85,"T11"
"1038",1966,8.325,3.8,4.25,94.45,61.45,"T11"
"1039",1967,8.7,4.475,3.5,66.05,66.1,"T11"
"1040",1968,8.05,3.075,3.75,65.8,71.3,"T11"
"1041",1969,7.925,3.25,5.75,93.675,51.825,"T11"
"1042",1970,8.15,3.1,6.25,91.875,65.525,"T11"
"1043",1971,9.5,5.4,1.5,78.075,50.125,"T11"
"1044",1972,9.325,4.7,2.25,81.775,61.125,"T11"
"1045",1973,9.075,4.6,3.75,69.975,56.575,"T11"
"1046",1974,9.825,5.7,0,95.425,54.675,"T11"
"1047",1975,9.675,4.825,2,71.45,68,"T11"
"1048",1976,8.65,3.95,2,61.15,57.325,"T11"
"1049",1977,8.8,4.25,3,111.425,56.9,"T11"
"1050",1978,8.05,3.45,6.25,100.325,62.35,"T11"
"1051",1979,8.05,3.7,6.5,92.4,63.6,"T11"
"1052",1980,9.1,4.325,3.75,108.025,57.45,"T11"
"1053",1981,7.975,3,7,63.9,59.2,"T11"
"1054",1982,9,3.925,4.5,64.225,56.475,"T11"
"1055",1983,9.25,4.5,3.25,107.85,52.7,"T11"
"1056",1984,9.1,4.15,3.25,74.775,61.075,"T11"
"1057",1985,8.175,3.15,7.75,92.15,69.625,"T11"
"1058",1986,7.275,2.425,6.75,94.05,78.775,"T11"
"1059",1987,8.2,2.95,9.25,65.5,68.4,"T11"
"1060",1988,9.475,5.225,0.5,84.05,66.15,"T11"
"1061",1989,9.425,4.15,2.5,72.825,73.05,"T11"
"1062",1990,9.85,4.825,2,107.85,68.425,"T11"
"1063",1991,8.35,3.075,6.25,54.125,78,"T11"
"1064",1992,8.925,4.175,5.25,66.45,58.075,"T11"
"1065",1993,9.2,5.25,1.25,80.9,45.3,"T11"
"1066",1994,8.8,3.85,4.25,92.575,67.425,"T11"
"1067",1995,9.35,4.675,4,96.7,54.025,"T11"
"1068",1996,8.45,3.25,8,52.875,76.125,"T11"
"1069",1997,9,3.95,5,76.5,71.075,"T11"
"1070",1998,10,5.875,1.75,81.125,51.3,"T11"
"1071",1999,9.1,4.975,2,103.1,58.85,"T11"
"1072",2000,9.5,5.1,2.5,94.15,66.225,"T11"
"1073",2001,8.625,3.35,6.25,102.25,73.55,"T11"
"1074",2002,9.775,5.55,2.5,76.5,53.75,"T11"
"1075",2003,9.425,4.3,5.25,90.6,77.85,"T11"
"1076",2004,9.725,4.9,2.75,78.5,63.9,"T11"
"1077",2005,9.425,5.25,2.25,52.9,49.475,"T11"
"1078",2006,9.175,4.675,2.25,90.475,NA,"T11"
"1079",2007,10.125,5.55,3.25,88.2,61.95,"T11"
"1080",2008,9.875,4.825,4.5,78.6,69.95,"T11"
"1081",2009,8.4,3.6,5.25,64.25,53.775,"T11"
"1082",2010,7.4,2.05,9.75,87.65,66.825,"T11"
"1083",2011,8.925,4.35,3.25,78.15,62.925,"T11"
"1084",2012,9.875,5.05,4,71.95,55.575,"T11"
"1085",2013,8.9,4.275,5.25,100.725,62.775,"T11"
"1086",2014,9.575,5.4,0.5,91.5,49.675,"T11"
"1087",2015,10.15,5.325,2.25,105.95,65.275,"T11"
"1088",2016,10.35,5.8,1.5,100.45,49.175,"T11"
"1089",2017,9.25,4.525,3.75,75.85,52.825,"T11"
"1090",2018,9.225,4.6,3.75,91.85,60.825,"T11"
"1091",2019,10.075,5.525,1.75,72,64.575,"T11"
"1092",2020,9.3,4.9,1.25,107.45,50.9,"T11"
"1093",2021,9.4,4.75,4.25,96.05,54.15,"T11"
"1094",2022,NA,NA,NA,NA,NA,"T11"
